<?xml version="1.0" encoding="UTF-8"?>
<!DOCTYPE hibernate-configuration PUBLIC
        "-//Hibernate/Hibernate Configuration DTD 3.0//EN"
        "http://hibernate.org/dtd/hibernate-configuration-3.0.dtd">
<hibernate-configuration>
	<session-factory>
		<property name="connection.driver_class">com.mysql.jdbc.Driver</property>
		<property name="connection.url">jdbc:mysql://localhost:3306/eticaret</property>
		<property name="connection.username">root</property>
		<property name="connection.password">A1a1s2d3g5k8ad13</property>
		<property name="dialect">org.hibernate.dialect.MySQL57Dialect</property>
		<property name="hbm2ddl.auto">update</property>
		<property name="show_sql">true</property>
		<mapping class="entity.User"/>
		<mapping class="entity.Product"/>
		<mapping class="dao.ProductDao"/>
		<mapping class="servlet.ProductOperationServlet"/>
		<mapping class="entity.Category"/>
	</session-factory>
</hibernate-configuration>